{
  "auc_roc": 0.6434237713220478,
  "auc_pr": 0.6434989685794577
}