{
  "auc_roc": 0.762629708205619,
  "auc_pr": 0.7415456983014501
}