{
  "auc_roc": 0.5370460223007419,
  "auc_pr": 0.5362383183210315
}